<?xml version="1.0" encoding="UTF-8"?>
<beans xmlns="http://www.springframework.org/schema/beans"
	xmlns:xsi="http://www.w3.org/2001/XMLSchema-instance"
	xmlns:context="http://www.springframework.org/schema/context"
	xmlns:mvc="http://www.springframework.org/schema/mvc"
	xsi:schemaLocation="
		http://www.springframework.org/schema/beans
		http://www.springframework.org/schema/beans/spring-beans.xsd
		http://www.springframework.org/schema/context
		http://www.springframework.org/schema/context/spring-context.xsd
		http://www.springframework.org/schema/mvc
		http://www.springframework.org/schema/mvc/spring-mvc.xsd
		http://www.springframework.org/schema/tx/spring-tx.xsd">

	<!-- Add support for component scanning -->
	<context:component-scan
		base-package="com.springhibernate.demo_5" />

	<!-- Add support for conversion, formatting and validation support -->
	<mvc:annotation-driven />

	<!-- Define Spring MVC view resolver -->
	<bean
		class="org.springframework.web.servlet.view.InternalResourceViewResolver">
		<property name="prefix" value="/WEB-INF/view/" />
		<property name="suffix" value=".jsp" />
	</bean>
<!-- 
	<bean id="sessionFactory"
		class="org.springframework.orm.hibernate4.LocalSessionFactoryBean">
		<property name="dataSource" ref="myDataSource" />
		<property name="packagesToScan"
			value="com.springhibernate.demo_5.entity" />
		<property name="hibernateProperties">
			<props>
				<prop key="hibernate.dialect">org.hibernate.dialect.MySQLDialect</prop>
				<prop key="hibernate.show_sql">true</prop>
			</props>
		</property>
	</bean>
	
	    
	<bean id="myTransactionManager"
            class="org.springframework.orm.hibernate5.HibernateTransactionManager">
        <property name="sessionFactory" ref="sessionFactory"/>
    </bean>
	
	    
	<tx:annotation-driven transaction-manager="myTransactionManager" />
	
	 -->

	<!-- Add support for reading web resources: css, images, js, etc ... -->
	<mvc:resources location="/style/"
		mapping="/style/**"></mvc:resources>
		
	<mvc:resources location="/webjars/jquery/3.4.1/"
		mapping="/webjars/jquery/3.4.1/**"></mvc:resources>
	
</beans>