<!DOCTYPE hibernate-configuration PUBLIC
        "-//Hibernate/Hibernate Configuration DTD 3.0//EN"
        "http://www.hibernate.org/dtd/hibernate-configuration-3.0.dtd">

<hibernate-configuration>

    <session-factory>

        <!-- JDBC Database connection settings -->
        <property name="connection.driver_class">com.mysql.cj.jdbc.Driver</property>
        <property name="connection.url">jdbc:mysql://localhost:3306/web_customer_tracker?useSSL=false&amp;serverTimezone=UTC</property>
        <property name="connection.username">Pravin</property>
        <property name="connection.password">hibernate@1234</property>

        <!-- JDBC connection pool settings ... using built-in test pool -->
        
        <property name="connection.pool_size">1</property>
        <!-- 
        <property name="hibernate.c3p0.min_size">5</property>
        <property name="hibernate.c3p0.timeout">1800</property>
        <property name="hibernate.c3p0.max_statements">50</property>
 		-->
        <!-- Select our SQL dialect -->
        <property name="dialect">org.hibernate.dialect.MySQLDialect</property>

        <!-- Echo the SQL to stdout -->
        <property name="show_sql">true</property>

		<!-- Set the current session context -->
		<property name="current_session_context_class">thread</property>
 
    </session-factory>

</hibernate-configuration>